cpu_usage,ram_usage,disk_write_bytes,net_sent,net_recv,process_count,keystrokes,mouse_clicks,mouse_moves,label
5.4,90.9,7751895040,26504732,149191926,210,0,0,0,1
0.9,90.7,7758493696,26504732,149192458,210,0,0,0,1
1,90.6,7765052928,26504787,149193211,210,0,0,93,1
2.8,90.2,7766636032,26504787,149198670,209,0,0,434,1
2.5,90.1,7767387648,26505064,149199671,208,0,2,392,1
0.9,89.7,7767672320,26505763,149201151,208,0,2,89,1
2.3,89.7,7767689728,26505994,149201831,208,0,2,305,1
10.3,89.7,7768035840,26505994,149202361,208,0,3,115,1
2.3,89.7,7770479104,26506103,149202481,208,0,0,310,1
1.5,89.7,7770749440,26506103,149203027,208,0,0,112,1
4.6,90.8,7770890240,26518599,149217475,209,0,0,0,1
6,89.9,7777686016,26518661,149218351,207,0,0,0,1
0.6,89.6,7786267136,26518824,149219203,207,0,0,0,1
0.7,89.6,7792624128,26518824,149219943,207,0,0,0,1
0.8,89.2,7794936832,26518879,149220307,207,0,0,0,1
1.5,89.4,7795991552,26518934,149221005,207,0,0,0,1
0.8,88.9,7796365312,26518989,149222291,205,0,0,0,1
1.6,87.6,7796523520,26519688,149223509,204,0,0,129,1
1.9,87.6,7796714496,26519868,149224130,204,1,1,276,1
2.6,87.5,7797135360,26519910,149224712,204,0,0,136,1
2.9,87.5,7797839360,26520019,149224994,204,0,2,312,1
1.5,87.5,7797881344,26520019,149225402,204,0,0,29,1
2.3,87.7,7797957632,26530794,149240127,206,0,0,75,1
5,88,7798201856,26530794,149241291,206,1,2,206,1
2.1,87.9,7798555136,26530904,149241909,206,0,0,254,1
3.9,88.3,7801144320,26530904,149242589,210,0,0,267,1
2.1,88.3,7802282496,26533596,149246031,210,0,2,217,1
3.2,88.5,7805584896,26533596,149246441,209,0,1,432,1
8.1,89.5,7808033792,26533651,149246965,211,4,2,262,1
6.9,89.8,7825199616,26543519,149269678,212,9,0,0,1
4.9,89.8,7826247168,26543616,149270084,212,7,0,0,1
7.5,90.3,7833332736,26545204,149272352,211,9,1,119,1
1.1,90.1,7835888640,26545313,149272877,211,0,0,24,1
3.7,90.2,7836053504,26545368,149273779,212,0,0,302,1
3.4,90.4,7836365824,26551217,149283505,214,0,2,397,1
0.7,90.4,7837576704,26552241,149284195,214,0,1,49,1
0.9,90.4,7837619712,26552296,149284689,214,0,0,0,1
0.6,90.3,7838098432,26552848,149285667,212,0,0,0,1
0.4,90.3,7838279168,26552990,149286613,212,0,0,0,1
1.2,90.4,7839212544,26552990,149287085,212,0,0,0,1
1.9,90.1,7840503296,26553045,149288485,210,0,0,120,1
1.7,90.1,7840557568,26553744,149289328,210,0,1,170,1
4.1,90.2,7840754688,26553854,149290224,210,0,3,364,1
2,90.1,7841335296,26586983,149341177,210,0,0,137,1
0.5,90.1,7841603072,26587175,149341730,211,0,0,17,1
1.4,90.1,7842650112,26587175,149342894,211,0,0,64,1
2.9,90.3,7842883072,26592122,149353164,213,0,0,138,1
2.7,90.4,7843092480,26592122,149354036,213,0,2,297,1
2,90.4,7843186176,26592177,149354394,213,0,0,31,1
0.5,90.4,7843696128,26592177,149354872,213,0,0,0,1
1.4,90.3,7843791872,26593861,149362410,213,0,1,21,1
1.8,90.1,7845902336,26594024,149363048,212,0,0,0,1
1.4,89.9,7846341632,26594079,149363680,210,0,2,101,1
3.2,89.6,7846620160,26594778,149364820,208,0,0,152,1
3,89.6,7846648832,26594875,149365798,208,0,1,288,1
5.6,89.6,7847216128,26664253,149374484,208,3,1,67,1
6.5,89.6,7847682560,26664350,149374884,208,2,0,0,1
1.6,89.7,7848637440,26664350,149375568,208,2,0,0,1
12,91.9,7849460224,26853138,149404047,213,9,0,0,1
15.3,94.3,7857267200,26875782,149474685,213,7,1,61,1
4.3,92.1,7871304192,26876404,149475685,213,32,1,341,1
1.8,92,7879692800,26876404,149476399,213,20,1,294,1
2.5,91.7,7883317760,26876913,149477363,213,2,2,231,1
9.5,92,7885564928,26877188,149478006,213,9,0,44,1
1.6,91.5,7886686720,26877243,149479182,212,0,1,23,1
2.3,91.5,7887213056,26877243,149479590,211,0,0,21,1
1.6,91.4,7887316992,26878039,149480642,211,0,0,2,1
0.9,91.4,7887737344,26878039,149481158,211,0,0,14,1
2.2,91.4,7887763968,26878148,149481548,211,0,2,257,1
3.5,90.6,7887798784,26884351,149488385,211,2,1,305,1
15.6,92.4,7888050176,26890885,149500240,212,4,2,172,1
9.3,91.4,7900162560,26890885,149500646,210,28,0,0,1
12.2,91.3,7906798080,26890940,149501424,210,29,0,0,1
4.5,91.3,7914666496,26890940,149501832,210,3,0,0,1
2,91.3,7915038720,26890995,149502194,210,0,0,0,1
1.5,91.1,7915970560,26890995,149502410,210,0,0,106,1
3.7,89.4,7916808192,26891050,149502888,207,0,3,261,1
2.7,89.4,7917034496,26891050,149503118,207,0,0,188,1
2.9,89.3,7917216256,26891859,149504128,207,0,0,102,1
2.9,89.3,7917537280,26891901,149504582,207,0,0,216,1
2.4,89.3,7917564928,26892039,149504965,207,0,2,198,1
2.5,89.4,7917600256,26892039,149505411,207,0,4,182,1
2.4,89.6,7919597056,26897756,149515133,209,0,0,81,1
0.9,89.6,7919861248,26899814,149515641,209,0,0,0,1
4,89.4,7938551296,26904921,149524886,209,0,0,42,1
6.9,90,7940860928,26911106,149541266,211,0,2,242,1
2,89.9,7941390848,26911269,149543184,211,0,2,199,1
4.1,90.2,7943007232,26911432,149547772,211,0,4,367,1
3.3,89.9,7945200128,26911487,149549050,209,0,5,287,1
1.8,89.8,7945392128,26911487,149549402,209,3,1,53,1
4.5,91.5,7945850880,26957066,149580860,210,11,1,140,1
3.2,91.2,7953053696,26957351,149581306,209,11,0,0,1
1.5,91.1,7953338368,26962815,149586801,209,9,0,0,1
10.6,91.5,7965638144,26962815,149587159,210,16,0,0,1
10.4,92.4,7965762048,26999145,149603983,211,11,0,0,1
6.1,93.4,7966011392,27000403,149608063,211,0,0,0,1
12.2,94.4,7984975360,27006836,149614839,211,0,0,0,1
7.1,94.7,7995966976,27008094,149619444,210,0,0,0,1
1.3,94.7,7996610560,27035148,149626493,210,0,0,0,1
6.7,92.1,8014701056,27035190,149626943,210,0,0,0,1
1.5,91.5,8015784448,27043725,149630739,208,0,0,0,1
2.2,91.6,8016780288,27043725,149631137,208,0,0,59,1
4.5,91.5,8027357184,27047459,149635933,208,0,0,0,1
1.1,91.4,8027876352,27048349,149637018,208,0,0,0,1
0.6,91.4,8027940864,27054162,149643128,208,0,0,0,1
5.2,91.4,8038315520,27054162,149643540,208,0,0,0,1
1.4,91.4,8039262208,27058888,149652319,209,0,0,0,1
0.9,91.5,8039520256,27061054,149652725,209,0,0,0,1
4.5,91.5,8047210496,27061671,149653358,209,0,0,0,1
0.8,91.5,8047232000,27063259,149655180,209,0,0,0,1
2.6,89.7,8048787968,27063368,149656164,209,0,0,0,1
4.4,87.8,8217027584,27063368,149656812,208,0,0,0,1
1.4,87.7,8218039296,27063477,149658152,206,0,0,0,1
0.7,87.8,8218242048,27063694,149658782,206,0,0,0,1
20.2,88.4,8226865152,27064448,149659842,206,0,0,0,1
3.5,88.9,8227325952,27064490,149660228,206,0,0,124,1
9,89.1,8234049024,27076164,149663941,207,4,1,271,1
1.8,88.7,8235339776,27076206,149664397,207,1,3,324,1
8.6,91.5,8236451840,27103409,149712721,211,2,2,216,1
10,91.8,8240498176,27103409,149713059,211,7,4,332,1
12.3,91.4,8252072960,27103572,149713577,213,6,4,126,1
3.1,90.9,8261469184,27103572,149713929,210,1,0,0,1
2.4,90.9,8264157184,27103682,149714299,210,91,1,234,1
1.8,92.2,8276536832,27104052,149715066,210,2,0,19,1
1.7,91.7,8278215168,27104107,149715532,209,0,0,0,1
0.1,91.6,8278385664,27104107,149715760,209,0,0,0,1
5.3,91.9,8289153024,27104944,149716919,209,2,1,136,1
1.4,91.6,8290606080,27105028,149717349,209,5,0,128,1
1.3,91.2,8290631680,27105083,149717827,209,11,0,65,1
2.6,90.1,8291022336,27112528,149725651,209,0,0,335,1
9.3,91.8,8291250688,27117422,149735885,210,17,1,177,1
4.1,91.4,8303768064,27119535,149736235,209,0,0,112,1
1.4,91.2,8310219264,27119590,149736707,209,0,0,139,1
1.4,90.8,8315671552,27119590,149737051,209,0,1,89,1
3.8,91.4,8316474368,27119908,149737688,213,1,2,196,1
8.1,91.5,8317283328,27126094,149753638,212,1,1,32,1
2,89.8,8318571520,27126257,149754899,209,0,0,0,1
1.2,89.8,8318835200,27126365,149755553,209,0,0,45,1
0.9,89.8,8319112704,27127119,149756841,209,0,0,0,1
1,89.8,8319463936,27127161,149757434,209,0,1,56,1
0.5,89.7,8319502336,27127271,149758012,209,0,0,0,1
0.5,89.7,8319647232,27127271,149758320,209,0,0,0,1
1.4,89.9,8320696832,27134951,149769047,211,0,0,0,1
0.4,89.9,8321141760,27135076,149769454,211,0,0,0,1
2.6,89.9,8321182208,27135297,149770470,213,0,0,85,1
2.2,90.3,8323611648,27135297,149771112,214,0,0,53,1
3.1,90.3,8323653120,27135352,149771508,214,0,1,248,1
1.5,90,8323972096,27135543,149772153,213,0,0,86,1
0.9,89.8,8325067264,27137240,149774095,211,0,0,0,1
1.3,89.7,8325278208,27137295,149774575,211,0,0,0,1
1.5,89.7,8325329408,27138132,149775706,211,0,0,276,1
6.623620357,91.98161714,9849918367,45572453,152341136,228,0,0,0,1
8.352142919,90.36096366,23050335052,44375456,149395759,224,0,0,0,1
7.695981825,88.09527616,35298995927,30769261,281250916,224,0,0,0,1
7.295975453,93.1379502,30092320797,40237434,149909239,213,0,0,0,1
5.968055921,91.84731173,32842762470,41405868,154389945,216,0,0,0,1
5.967983561,86.62616939,27374984568,41964683,251879652,222,0,0,0,1
5.674250837,94.10927184,28614232887,47405171,189947968,212,0,0,0,1
8.098528437,93.22537243,34420239107,46008076,255342111,225,0,0,0,1
7.303345035,94.49799913,12237716327,48237152,113073231,218,0,0,0,1
7.624217733,92.25719508,21108723654,52946497,197514238,217,0,0,0,1
5.561753483,91.13415196,11184749347,54389572,106722720,229,0,0,0,1
8.409729556,89.18243036,39543716295,51543692,112530640,222,0,0,0,1
7.997327922,94.32728483,37930195568,58665710,281287490,226,0,0,0,1
6.137017332,93.6606389,4458792020,30546977,127849074,226,0,0,0,1
6.045474902,85.4521867,29106281383,35873339,206484136,226,0,0,0,1
6.05021353,85.26366974,37234187744,30226886,182219120,210,0,0,0,1
6.412726729,88.76463367,9681287769,49424241,169468665,217,0,0,0,1
7.074269295,93.10553331,24013973530,56940916,279966669,228,0,0,0,1
6.795835056,94.87276129,36873067010,37304468,104364679,215,0,0,0,1
6.373687421,86.50416891,4256001207,57811036,232757937,212,0,0,0,1
7.335558684,90.94130715,28804549888,31808021,292678886,214,0,0,0,1
5.918481582,88.80890857,14001913272,58033080,212033636,222,0,0,0,1
6.376433946,94.69914398,37202659228,40548680,287364492,224,0,0,0,1
6.59908553,93.42118923,38929155071,33042624,110451575,223,0,0,0,1
6.868209953,93.38328705,37937860097,44576152,183758663,225,0,0,0,1
7.855527884,89.6869316,20545926016,37703297,152031558,227,0,0,0,1
6.099021346,89.14819502,34895578086,38546187,246164192,220,0,0,0,1
7.042703315,87.73407072,34248327745,39218698,296259418,212,0,0,0,1
7.277243707,85.56375497,14806717510,54090776,151306012,219,0,0,0,1
5.639351238,93.64722376,33669872543,46174838,230834920,219,0,0,0,1
7.322634556,93.12901009,4369282484,39339230,139619526,225,0,0,0,1
6.011572371,94.99717673,25061985503,48310013,213066050,221,0,0,0,1
5.695154779,94.96636837,11510326979,51484520,192786497,211,0,0,0,1
8.346656612,90.55431706,7460974773,38178720,294401065,218,0,0,0,1
8.396896099,92.68987415,5847268460,42406473,221705454,212,0,0,0,1
7.925192044,94.4476573,28762684707,33656582,169901274,224,0,0,0,1
6.413841308,93.49647391,15575373659,35434480,122819156,212,0,0,0,1
5.793016342,87.47348102,29816370546,50433535,130249365,228,0,0,0,1
7.55269908,89.50544135,5418184609,35443150,145063385,227,0,0,0,1
6.820457481,86.29159415,14665742499,45754901,150193332,217,0,0,0,1
5.866114705,94.54051027,22961177817,51271387,270123211,226,0,0,0,1
6.98553073,91.06174634,32256757099,33206307,212244557,217,0,0,0,1
5.603165563,87.28642806,14793842608,47019366,204678182,216,0,0,0,1
8.227961206,91.71700684,26157980928,37696883,122953774,216,0,0,0,1
6.276339945,91.1812824,35781176684,58887806,272027938,212,0,0,0,1
7.487566853,88.58162718,25786937962,44506369,244562860,210,0,0,0,1
6.435133228,86.13557592,11619500565,54179776,113533672,213,0,0,0,1
7.060204064,91.71573196,3902828917,46506796,241567019,214,0,0,0,1
7.140130838,90.20307701,35193658334,31302375,208707643,210,0,0,0,1
6.054563367,92.72318392,3786968201,48994541,116345069,224,0,0,0,1
8.408753883,90.20163501,35363961889,58542100,191660128,214,0,0,0,1
7.82539847,93.521815,22570673959,48048354,196939257,222,0,0,0,1
8.318496825,90.51906839,37745504844,54575665,133154908,217,0,0,0,1
8.184482051,90.60937972,32554979723,56526193,289139629,217,0,0,0,1
7.293699936,93.76653603,39923562089,36842393,269995074,214,0,0,0,1
8.265622705,89.03482866,15976337171,36361345,233804467,218,0,0,0,1
5.765477506,86.34015228,31385966690,48329429,192459112,210,0,0,0,1
6.087948587,85.28782676,17871443803,42330854,182353108,213,0,0,0,1
5.635681867,92.55137256,20755397951,55195839,230194693,212,0,0,0,1
6.475990992,91.20309551,26217702139,57000693,209086373,211,0,0,0,1
6.666031869,92.04079768,35326053224,40602641,112454621,217,0,0,0,1
6.314047095,87.12964162,39411088360,37106116,202500529,218,0,0,0,1
7.986212527,86.36371476,31426116312,53415765,261280723,211,0,0,0,1
6.57025998,85.14544666,18457370940,38244181,191847975,223,0,0,0,1
6.342803529,88.50587559,18590209084,54678429,110391315,223,0,0,0,1
7.128088249,90.89917687,30290545158,42712147,257255639,213,0,0,0,1
5.922772675,88.92244045,11834754393,50026496,140272756,215,0,0,0,1
7.906590942,89.37474922,7087542185,32866059,151724166,220,0,0,0,1
5.723651931,94.04158694,16121019832,48715779,132941270,212,0,0,0,1
8.46066081,88.48255467,13627842691,43553030,166043012,217,0,0,0,1
7.816734308,90.13989489,13963400456,47598253,251350301,212,0,0,0,1
6.096147045,92.83653013,11643486788,35040426,203877171,223,0,0,0,1
5.516566351,88.96542782,4557448016,52106212,140976254,222,0,0,0,1
7.946384285,91.220867,3661335585,55883912,275566015,222,0,0,0,1
7.620572032,93.62363709,39545728420,36502194,275916370,211,0,0,0,1
7.687021504,94.49520624,18827605948,32871436,274115685,222,0,0,0,1
7.81381104,86.47073481,17220085944,30709157,147759242,228,0,0,0,1
5.722133955,94.26587625,28146949459,49259145,190247868,215,0,0,0,1
6.575397186,89.92116293,11075393851,48212821,296997931,225,0,0,0,1
5.847607179,87.58244388,38148563806,46400922,254402495,211,0,0,0,1
8.089310278,89.59135756,32094765533,36958412,105433484,217,0,0,0,1
7.36989438,94.80032575,6308207085,41727179,113040918,226,0,0,0,1
6.492694075,89.92618094,18450488704,47834290,192786275,211,0,0,0,1
5.690675051,88.2875161,35527377379,44903005,281844041,219,0,0,0,1
6.432946965,91.33400854,37955084824,59633565,207740359,225,0,0,0,1
6.475549966,87.40145619,20293855916,34093192,199562501,215,0,0,0,1
7.688818535,85.75863328,25696221400,50854336,121094739,211,0,0,0,1
7.412672414,86.28879722,9180256005,42129563,231356020,211,0,0,0,1
8.161638228,86.28045839,39673239167,42845988,264420632,222,0,0,0,1
6.916644775,86.51902694,11571852951,51527932,176084001,224,0,0,0,1
5.858782738,86.38827173,37881075642,50773084,255122370,211,0,0,0,1
7.639734362,91.40874745,27036926012,59737679,292895330,216,0,0,0,1
7.782355146,86.81880084,25486261410,33851828,140753291,212,0,0,0,1
7.183831593,88.45667283,21969474907,33123289,204665926,217,0,0,0,1
7.81290154,93.9678841,11534783033,51730164,157427591,223,0,0,0,1
6.981386789,89.7396164,9531537184,47351607,258570883,216,0,0,0,1
7.068198488,91.67557739,11157989735,38224819,215518673,216,0,0,0,1
6.782623055,86.72319871,9898215699,32382581,226916483,210,0,0,0,1
5.57625738,86.92289019,31844625521,32569747,259582831,226,0,0,0,1
5.823674281,85.40868616,15954634589,56825726,179194094,218,0,0,0,1
5.594287557,86.68935063,5140179032,35756019,283018013,222,0,0,0,1
7.409231234,87.78590339,38856797315,39701146,206605773,228,0,0,0,1
6.443067943,86.77010484,35700077743,36799692,131590964,228,0,0,0,1
7.025712073,85.88702534,37326834478,40649889,239179823,226,0,0,0,1
8.222699422,86.20635871,39811589437,32082715,258652270,219,0,0,0,1
6.247876687,89.60778768,9434124221,45571793,163352335,219,0,0,0,1
6.731148769,87.06333718,17660954699,32028376,271435851,213,0,0,0,1
7.766653416,88.64269861,31054823601,54010695,281228650,217,0,0,0,1
6.186394496,90.03417271,28752762867,37011362,155380897,229,0,0,0,1
5.730939729,91.90394829,8694148534,46200357,296704294,229,0,0,0,1
6.369254359,85.3931214,33185825624,56402372,128142305,227,0,0,0,1
5.983663862,92.99410399,11304301157,49526321,140403133,223,0,0,0,1
8.289092957,91.27900389,11281251748,45988733,136844967,227,0,0,0,1
7.924361139,85.81759032,22868053647,39730012,278797942,223,0,0,0,1
7.40021127,93.73578624,24938777589,39990057,230858510,229,0,0,0,1
8.114381771,94.20872401,24463189689,50084608,130420856,224,0,0,0,1
7.911016231,85.6107796,6385012983,59824180,188064683,213,0,0,0,1
6.059710177,87.76877648,35466051917,49855175,223059605,222,0,0,0,1
8.177676995,93.0620128,12827201575,46733502,116692816,217,0,0,0,1
7.118026726,92.4825969,7792052087,51919515,276483273,227,0,0,0,1
7.922320465,86.84521019,35883678955,43956168,260720707,221,0,0,0,1
8.1882739,87.09349323,38359105434,31804270,201041354,223,0,0,0,1
6.454010425,88.70472103,34898721838,46868904,293425323,211,0,0,0,1
5.830155774,89.84522985,32952094764,58728758,183552195,227,0,0,0,1
6.183805488,91.18254772,27243953283,35259088,296822063,211,0,0,0,1
6.781323366,88.6891364,23381722712,50700146,233583999,220,0,0,0,1
7.954044298,89.62534716,6218510116,36028010,226934254,218,0,0,0,1
8.08219175,92.47470938,18112768883,46074830,133190979,221,0,0,0,1
5.520856392,85.36683203,16789475129,32900293,276385551,226,0,0,0,1
7.032241908,87.52436944,12610889999,43511128,185497937,224,0,0,0,1
6.752233009,92.13349586,29766544206,52684899,132446681,226,0,0,0,1
6.166323431,93.95206838,21347402197,40427145,102521503,227,0,0,0,1
5.859596102,90.11677442,5998709988,49947351,211951136,215,0,0,0,1
6.512845514,90.32113485,11146778472,53863498,205479924,226,0,0,0,1
8.328729112,86.07172011,28280574255,57815334,243870724,227,0,0,0,1
6.469608796,89.47412367,5816841801,37039262,278051610,217,0,0,0,1
7.056371865,90.32617266,34494655819,41979477,115881316,218,0,0,0,1
7.609056877,87.42470504,21320421499,34572480,246299298,215,0,0,0,1
6.590888807,87.69243231,20781703361,59774505,137482388,214,0,0,0,1
8.415346248,88.77284163,24919088032,57810029,271635410,221,0,0,0,1
8.387341885,85.20071198,33513195739,46198713,263812702,220,0,0,0,1
6.255346887,88.22079166,15868940692,55260998,208158750,210,0,0,0,1
6.991745518,87.11448007,28086597644,45628739,242048559,220,0,0,0,1
6.402634929,88.27497352,23932082667,48707570,162870022,228,0,0,0,1
6.354521483,86.19762132,12880045996,32673732,194233579,218,0,0,0,1
5.610660842,93.90527281,35509309495,52658112,264327379,211,0,0,0,1
7.328693002,90.93592454,32504762799,33831404,191853039,221,0,0,0,1
7.00803707,91.79102319,27362717882,54782028,171559653,213,0,0,0,1
5.654436254,92.89171239,34471523976,53460842,198842489,213,0,0,0,1
6.335939393,89.98442199,35089885435,51262340,265649850,227,0,0,0,1
8.224797658,85.86920288,29209430138,31084811,167041609,224,0,0,0,1
6.218685672,90.37106542,33969493149,39093850,134752318,228,0,0,0,1
5.934684616,90.86841118,28806444081,37893377,242402804,222,0,0,0,1
6.968358281,92.45439474,28165208555,40804092,265195642,228,0,0,0,1
8.456951362,89.31659546,25888620993,32629282,120127495,226,0,0,0,1
6.226165815,86.27580303,30850515663,58108734,147974822,215,0,0,0,1
7.516406642,87.83775906,8868388895,46614067,128394397,225,0,0,0,1
7.784858846,88.63082296,35592218090,39165729,169588282,221,0,0,0,1
6.212912632,91.45917241,35258210526,41909445,190070195,228,0,0,0,1
7.684649046,90.70778305,4082149472,43416076,249765267,214,0,0,0,1
6.603349398,88.56096726,33555219770,48017830,230229516,226,0,0,0,1
7.396917492,94.86515249,7768185096,45470382,224185713,210,0,0,0,1
7.400589132,91.05774819,15399397607,57581759,170474989,219,0,0,0,1
7.107324052,87.37226792,30509805482,44908904,268289510,224,0,0,0,1
5.77086931,86.01782473,8948116153,59764740,194257433,220,0,0,0,1
8.005907487,86.52859139,33264779892,55542748,295820987,222,0,0,0,1
6.462340195,87.45957728,33788964584,36255315,226828427,214,0,0,0,1
6.059555531,86.60681373,21776306149,57917856,125252948,210,0,0,0,1
5.622325425,86.86567024,3236277253,33490991,235235512,221,0,0,0,1
7.27267883,87.85095169,13620410927,54523491,165020803,220,0,0,0,1
7.532693086,86.73373595,25826295979,41418698,237265439,226,0,0,0,1
5.549763487,93.96765425,39303888587,56339229,113928229,213,0,0,0,1
7.036279175,85.80233746,26377100499,56041700,134976287,224,0,0,0,1
6.179487326,90.2451139,12612732499,54177762,271147451,218,0,0,0,1
7.435518371,89.10396827,26458211014,53700913,145435911,229,0,0,0,1
6.023099287,94.82378617,22979459049,39140374,267408225,228,0,0,0,1
7.572813214,86.12038902,31854279620,32427578,155855217,228,0,0,0,1
6.660206039,88.97855599,6958283636,42089405,228576382,221,0,0,0,1
8.310189966,94.69470433,31158032392,35205735,238830114,214,0,0,0,1
5.912562832,93.65507126,23026863411,50848532,202530950,219,0,0,0,1
6.523199053,93.17072071,38630704142,40382991,161062135,226,0,0,0,1
5.840420564,87.57902827,15649270143,59268306,142528875,214,0,0,0,1
8.274080855,86.70887587,26407010045,49229162,106637870,225,0,0,0,1
8.13201806,91.6864322,37485039903,54674416,160789280,216,0,0,0,1
6.273824883,94.29375989,6792859935,33975740,230632558,218,0,0,0,1
7.479952138,90.56762893,37677454027,55860434,287660963,212,0,0,0,1
7.951666601,90.71612689,28451771725,57682715,274240896,224,0,0,0,1
7.165602435,87.79979094,5509971186,44611857,253212955,225,0,0,0,1
7.088951735,92.69492933,14135651977,48187588,257689468,227,0,0,0,1
6.225556873,86.87043749,29202367279,52944294,232996980,223,0,0,0,1
5.779308303,88.23679236,5491972254,35245158,152057371,212,0,0,0,1
8.191647274,89.25436439,24540307026,45076982,281439006,221,0,0,0,1
8.201254171,90.07610379,15797673107,41959890,234146462,218,0,0,0,1
7.399304372,87.42409732,25973874157,34391219,212088126,216,0,0,0,1
6.517089373,86.14836825,4692455251,41026032,122197893,218,0,0,0,1
6.547628724,91.10620042,35246861827,32045169,189411108,222,0,0,0,1
7.677867037,87.88630553,39019091859,30774357,192071654,227,0,0,0,1
8.19133078,90.81238221,38848480645,34054988,272912721,214,0,0,0,1
8.161259273,86.54362715,30737117774,58893453,209329644,222,0,0,0,1
7.839626638,89.81140102,7813190884,46485886,176080109,213,0,0,0,1
7.426094938,90.32589433,31055738249,58974664,295360065,211,0,0,0,1
5.752419895,85.51823537,3909715908,42974936,122144118,225,0,0,0,1
5.984886142,88.36604278,3818571406,39354483,184509685,218,0,0,0,1
8.195662566,86.34414677,14973578108,45184255,108404935,218,0,0,0,1
7.319287179,85.6337497,21079798044,43185350,247980824,215,0,0,0,1
5.527591155,94.89960232,31505074458,33169940,283615310,220,0,0,0,1
5.804414629,88.22353845,28281928934,49224789,156007465,210,0,0,0,1
7.490505307,93.09874446,19498400135,36481145,271668335,213,0,0,0,1
5.515184752,87.54640655,13124186652,48587638,158443646,222,0,0,0,1
5.982424154,91.81502722,39893606505,49506032,282154032,222,0,0,0,1
7.146201368,92.6022786,18768708182,34560745,250792380,222,0,0,0,1
7.575685593,90.95638741,19701319900,31840488,260981355,211,0,0,0,1
7.455883779,89.71576189,9054081384,53422847,103601311,218,0,0,0,1
6.172807928,89.11840914,32407953303,43794012,292562071,217,0,0,0,1
7.636537664,88.48868267,28666242353,31744913,245334198,216,0,0,0,1
6.211747262,94.29529144,11168475673,59845989,160950219,213,0,0,0,1
6.476199094,93.30619408,6048098687,31733416,265878932,227,0,0,0,1
7.739474215,94.65026911,28178474176,50851056,156304239,212,0,0,0,1
7.448898697,86.24297223,27216914928,59510367,274550767,215,0,0,0,1
8.047670231,92.30867475,13110602498,37175403,122516078,221,0,0,0,1
7.472838677,94.38340457,38181951803,34267481,240737195,221,0,0,0,1
7.20492581,86.81233066,8589141995,33641548,208139695,217,0,0,0,1
5.781024303,85.66496267,18996387638,39098254,119306894,210,0,0,0,1
6.603147409,92.41120649,37913789046,33031374,148378765,213,0,0,0,1
6.295607103,90.74473113,18529910726,50764840,102480807,220,0,0,0,1
6.23196893,93.41828777,26625460063,31868753,193753593,212,0,0,0,1
8.419031664,86.39772377,17710992724,45282663,160253052,222,0,0,0,1
6.679293174,92.95267312,13145962486,59900905,219671496,226,0,0,0,1
8.176139666,87.0162732,39407172974,54419108,159447561,219,0,0,0,1
7.393415878,86.63655943,18145358233,48456583,159983822,221,0,0,0,1
7.884433911,86.64265798,36081670536,39187608,248638639,224,0,0,0,1
7.007911279,93.1457472,11508320417,48716875,109628567,219,0,0,0,1
7.230711654,91.65197221,10884874048,45811243,280578999,223,0,0,0,1
6.977553081,90.23065425,4151961066,42782501,270452774,222,0,0,0,1
6.085728963,88.58830484,27111672538,33921311,233560936,214,0,0,0,1
7.667356346,93.77200541,16635474717,56598126,218644314,215,0,0,0,1
6.342317087,88.92445107,34981255244,43493539,278460499,211,0,0,0,1
5.572947899,93.16599439,20508766547,35838675,137066035,226,0,0,0,1
7.436416888,89.39134909,38823156832,41032780,115793832,213,0,0,0,1
6.031332038,88.76944429,9864444081,42423892,147902033,223,0,0,0,1
8.321375753,89.62679786,35139057214,54826136,258915655,219,0,0,0,1
8.361785731,88.01377874,31734083553,52008431,106934053,212,0,0,0,1
8.244593171,92.4760938,31524108251,53079146,216561367,212,0,0,0,1
6.610476101,90.0272039,34256979440,30330937,299087503,224,0,0,0,1
5.54636985,87.32212695,31157887664,42484619,271139218,215,0,0,0,1
8.284955688,93.99574573,26170151900,44440324,204289137,226,0,0,0,1
6.784552445,88.83891221,7856060474,30575768,112728181,221,0,0,0,1
8.399964457,90.43552861,4203468641,37794396,266274702,229,0,0,0,1
8.390859931,94.06472111,37071370369,52808694,219795701,220,0,0,0,1
8.059028366,91.24237996,25816061637,34113291,122986599,213,0,0,0,1
6.383346676,86.16898041,32471879766,46059303,118771456,215,0,0,0,1
6.655293186,94.39832124,20816327005,36456056,281925363,210,0,0,0,1
8.053410015,91.27708053,7340402991,30363623,233840052,229,0,0,0,1
6.450766015,88.34905615,7631874311,37236043,265857359,225,0,0,0,1
6.00847824,86.39272073,28365915627,59276212,275795780,224,0,0,0,1
7.170403787,92.94025189,18921318111,54046113,214354470,226,0,0,0,1
8.308464322,91.20072756,10419414887,58787299,203489270,217,0,0,0,1
7.58808939,90.33461092,21188998229,44635621,186085482,221,0,0,0,1
7.21018351,93.93892583,5375730671,33292085,163389317,219,0,0,0,1
5.791529481,92.88597211,24532941870,46438784,186919192,224,0,0,0,1
7.34502168,86.5167488,12952755964,43631320,254775931,218,0,0,0,1
8.47016155,88.11722068,32509686723,55330712,220384686,211,0,0,0,1
5.920252046,87.4848914,14483392480,32942477,278504657,214,0,0,0,1
7.054988957,92.43946293,19843145516,44647234,188676002,215,0,0,0,1
8.132119216,85.33532435,3429959976,34501459,221417915,216,0,0,0,1
7.722305853,90.69889685,5680534848,39740277,226261510,210,0,0,0,1
7.591047223,92.62458686,17522261587,52120712,218339432,216,0,0,0,1
7.607452252,93.76765637,20757736884,44280543,240526754,229,0,0,0,1
6.578473454,88.42081749,25200760280,41276648,147486693,221,0,0,0,1
6.380775533,93.21257305,13791515412,41834288,202472755,225,0,0,0,1
7.928083466,86.10631737,28714329786,43783403,120844960,225,0,0,0,1
7.930340184,93.46452292,34824528696,53550496,176902265,220,0,0,0,1
8.101216956,86.27488662,31854486589,56762540,197533413,213,0,0,0,1
8.239721658,88.97287291,4465896537,58660040,230444851,222,0,0,0,1
7.034027197,92.97295366,20778757048,53607101,290106210,216,0,0,0,1
7.004548884,86.49917427,6882416601,39462206,220130213,213,0,0,0,1
7.894885537,87.29251395,11955665586,50644041,248718783,224,0,0,0,1
7.449891792,92.22252568,39506515950,43128093,201253211,228,0,0,0,1
7.605900632,92.20036537,8272335087,37640118,226820806,218,0,0,0,1
7.887378008,91.41147633,21458861677,55226147,114186443,220,0,0,0,1
8.170016025,91.93948444,25871762169,31152790,150878316,217,0,0,0,1
6.513985471,90.42724443,28991203910,57052859,172370618,210,0,0,0,1
6.626748858,87.51799059,23707001289,43844323,194498671,217,0,0,0,1
5.78194582,88.45695994,3361521354,49116044,109129749,222,0,0,0,1
7.234840423,86.81597717,15079068405,49780617,128004819,213,0,0,0,1
5.607826821,94.08450561,22155330805,56853532,155362861,217,0,0,0,1
6.896794054,90.83391795,6251060468,49100090,294306538,212,0,0,0,1
7.127933904,89.00851417,15973196454,48418007,166269401,218,0,0,0,1
6.359623756,89.62005804,4228515025,31999561,196408211,211,0,0,0,1
7.272499782,94.4728334,5907404394,45552240,139219542,211,0,0,0,1
5.59150075,86.53351403,17686161219,34505070,222156014,222,0,0,0,1
5.612044566,90.86229832,7910482899,52123013,156136643,224,0,0,0,1
7.967801682,90.05888679,23999011385,45366657,141398515,221,0,0,0,1
6.580571924,91.11454235,28510203858,50406833,203314525,213,0,0,0,1
5.881181538,85.18110184,32621707867,31250187,101101159,217,0,0,0,1
7.06672978,93.72123909,10405559037,32543760,101532806,218,0,0,0,1
7.809980659,94.32118282,9196855543,51489701,143813761,214,0,0,0,1
6.147463082,90.65133184,6869010092,32162530,107344272,229,0,0,0,1
7.368671427,91.96650824,26547919233,32137701,121605150,227,0,0,0,1
5.756042395,94.22499381,29139601880,30363254,167772129,220,0,0,0,1
5.655045164,92.07238634,4168687358,58695041,260517135,224,0,0,0,1
7.094063895,86.52539043,37639853111,52125250,214409728,218,0,0,0,1
7.121905365,90.7628836,4922937495,40597542,202533545,226,0,0,0,1
7.412289704,91.06715046,23027964406,38896067,158697764,221,0,0,0,1
7.678274001,89.24130671,29235239219,40491096,286350743,216,0,0,0,1
8.427556238,92.36444236,35225857578,53239605,179403008,219,0,0,0,1
7.048901045,94.34367015,29421216488,49841118,117418553,219,0,0,0,1
6.468869419,94.25568513,32663939073,35555867,223413303,222,0,0,0,1
7.885558584,89.50839371,15559657124,35223280,122767678,228,0,0,0,1
6.312496754,86.13238046,33148529208,32951869,169044628,220,0,0,0,1
6.816914262,94.84841199,5964249316,49809081,201482387,222,0,0,0,1
5.735369144,93.38898086,36108216274,52931179,274844504,217,0,0,0,1
5.57605223,86.24662681,23260917917,37951392,198709316,217,0,0,0,1
8.387945244,94.20841883,33240017488,30628348,240451753,213,0,0,0,1
8.007940362,93.69896362,19735776527,32465150,298563367,224,0,0,0,1
7.587922618,90.18838057,26812374722,59035801,126297823,220,0,0,0,1
6.726858833,90.91275436,22476898454,38863343,154946305,220,0,0,0,1
6.01988296,88.99002704,30068812304,53076694,178915215,210,0,0,0,1
5.969311128,85.54761639,6020309335,48739907,184365635,226,0,0,0,1
6.250728694,88.35197242,5233027107,41458189,182204215,224,0,0,0,1
7.147679994,93.02853449,12142819658,36170617,281522200,229,0,0,0,1
7.643787768,85.04632023,8903153164,33641592,242806528,215,0,0,0,1
7.48059213,88.33499172,35255991963,48450389,221581042,224,0,0,0,1
6.339801691,88.98168694,11110917532,53239013,161874543,218,0,0,0,1
8.364595842,90.37395603,39107014465,49317127,264758076,223,0,0,0,1
7.71369075,94.19855616,15465144295,45909063,291012102,227,0,0,0,1
7.163062158,88.46345994,9738362880,31258536,264239656,226,0,0,0,1
7.335162239,88.46953202,32218844764,59054663,100313021,227,0,0,0,1
6.758800187,92.37501248,27372187693,53961425,227280274,214,0,0,0,1
6.243192969,89.52217941,21433241508,38784661,110227076,229,0,0,0,1
6.567918036,87.24604823,23548451384,59399109,151521444,229,0,0,0,1
7.773538331,89.52439516,29610465796,48056447,111904940,218,0,0,0,1
5.543180466,86.4085702,11452825429,47472679,220759090,220,0,0,0,1
5.848217922,86.76386987,39864354894,52442195,237317982,210,0,0,0,1
5.638007926,89.98367773,39067346999,54353093,122897527,227,0,0,0,1
5.622186407,89.1892545,27062050394,49694358,176767776,215,0,0,0,1
8.066381752,94.14845901,10383070684,33842872,191247301,211,0,0,0,1
7.610973578,88.62393899,28168444969,40148025,173810604,224,0,0,0,1
6.922521487,90.8058835,5671341132,57842509,124205000,223,0,0,0,1
5.793502482,91.32264288,4134142581,36738468,183789558,214,0,0,0,1
6.974847625,85.13094457,12534266874,41165010,250235609,215,0,0,0,1
6.920415312,91.63537372,20117049399,42962306,114201532,215,0,0,0,1
6.01960561,86.78035967,35126082700,43182149,116036002,227,0,0,0,1
6.801554948,94.61070317,29905255581,48388187,170954258,223,0,0,0,1
6.695514203,86.48662728,30480141284,58292275,288345142,219,0,0,0,1
7.347550294,89.14624124,18743253374,37220781,233714529,223,0,0,0,1
7.405280953,85.85349668,15799594724,33645041,235733991,222,0,0,0,1
5.635912029,94.96874252,16728434230,35924114,172383998,212,0,0,0,1
6.623837844,90.0219501,39543033858,56607747,218732158,215,0,0,0,1
7.377579747,90.95385017,4484040082,49374324,102026236,217,0,0,0,1
7.009408776,85.67076477,35080165356,38577203,227219209,221,0,0,0,1
8.069469524,92.4996047,24410990117,54478408,282657389,222,0,0,0,1
7.476080895,87.09905593,19228770510,55841099,222514693,220,0,0,0,1
5.988803281,93.98054289,29834533435,55395430,274739718,221,0,0,0,1
5.711706242,87.0513964,21006750832,57567796,244794611,210,0,0,0,1
7.427257835,86.90687721,35316659809,37567230,124111683,226,0,0,0,1
5.579533932,85.36549668,36325968968,52651257,280490661,225,0,0,0,1
7.257326744,89.72066945,18603674294,43816184,113288768,220,0,0,0,1
8.320690724,90.64841133,13242628497,55259956,206793494,222,0,0,0,1
7.226422534,85.65708639,24916962157,51854720,128427424,227,0,0,0,1
6.664509779,92.75527617,36757443787,53293423,102341322,220,0,0,0,1
7.429864655,89.53288835,10794500993,49684855,184406852,221,0,0,0,1
6.874758671,90.24390269,26049763591,35322863,159008141,215,0,0,0,1
7.136850368,89.40762747,26367728143,46350807,197200098,218,0,0,0,1
8.324394426,89.00763061,30125181829,59540092,215439977,225,0,0,0,1
6.658307913,90.59640331,7868004349,58121641,108747814,213,0,0,0,1
8.383571691,86.55240246,29485523693,31295212,124600659,212,0,0,0,1
8.216051926,86.8192813,36634203264,34944444,211728479,225,0,0,0,1
6.087373404,93.61785621,9648275028,33951863,168633470,221,0,0,0,1
5.708083903,94.46115462,11789103022,51779397,245834697,220,0,0,0,1
5.802334004,88.73309316,38941618479,54533559,230458329,214,0,0,0,1
5.554665477,87.70744673,9696147250,36405340,269120872,227,0,0,0,1
5.783328882,91.43999543,34612248454,45175580,238498565,228,0,0,0,1
7.54902032,89.08734171,21214280688,55221090,185986215,215,0,0,0,1
5.713565945,85.25386356,12147549752,51984046,234593324,227,0,0,0,1
6.456926891,86.56152597,35217746347,46267116,155076234,215,0,0,0,1
8.034625933,92.15972229,19476294435,47710430,161262699,213,0,0,0,1
5.569815807,91.58923942,22048242095,45250816,257797031,221,0,0,0,1
7.943405448,85.27095993,16291634667,38926453,189283903,228,0,0,0,1
6.345564324,87.21972162,24939181503,46950659,259676068,211,0,0,0,1
5.854494483,87.31074797,9050383285,50666559,264484474,226,0,0,0,1
7.590211496,91.71892744,17470016856,56199687,271512467,220,0,0,0,1
7.38682854,85.19710538,38868255926,49088740,283327047,220,0,0,0,1
8.132416041,86.04108582,12550937009,52833646,186197044,225,0,0,0,1
7.705213131,92.99916085,27299256588,34802149,163773363,211,0,0,0,1
7.910442791,86.78544662,15032032376,43846724,216439749,211,0,0,0,1
6.346103718,91.52746108,31618505650,30279948,174234484,217,0,0,0,1
6.032318631,87.38182781,7842325446,37400365,220214833,222,0,0,0,1
7.751844255,85.99441393,38883378667,51793851,241117172,219,0,0,0,1
7.920504218,87.43172191,19790213031,59754298,237681003,217,0,0,0,1
8.471515426,92.22266932,11733867143,32975342,174910577,213,0,0,0,1
6.737853031,93.55696468,5719379651,42044829,133372040,224,0,0,0,1
6.616054257,93.30219865,9281042488,54002129,186105867,210,0,0,0,1
7.829238882,88.9718353,22231636096,36121069,128518828,220,0,0,0,1
6.522410621,91.68085137,15469117527,46652548,278019407,216,0,0,0,1
8.292271977,87.04984295,33668684537,51992138,169175492,226,0,0,0,1
8.075238256,87.9314773,18942838375,48479563,130891949,229,0,0,0,1
6.786982082,93.96335819,12202428085,35640742,105089551,227,0,0,0,1
7.752613203,85.13001924,25834364504,40661537,229164477,221,0,0,0,1
7.763628622,85.85508531,29150757024,53513753,227380463,218,0,0,0,1
5.809371607,87.07886255,9180550592,46626795,168120833,214,0,0,0,1
8.20765872,85.26532204,9201911002,30156888,114342377,219,0,0,0,1
7.015757117,86.81435435,4356842796,52829722,181925778,213,0,0,0,1
7.979372398,90.83041561,30246874557,31059340,162243499,214,0,0,0,1
6.460148803,89.21424551,27560767522,52372013,235424127,219,0,0,0,1
8.186569685,93.92671711,20561342402,36074416,221155849,220,0,0,0,1
6.667605036,93.17443562,34234306611,58742204,172918745,219,0,0,0,1
5.532512954,88.41817352,32809795659,41038222,143578510,217,0,0,0,1
8.216145929,87.59423433,24658111482,39807948,297607193,211,0,0,0,1
5.77386003,88.79692408,35126037378,34466641,190800324,217,0,0,0,1
6.457940913,90.90294943,10616124771,39168126,237654847,225,0,0,0,1
8.350185901,87.68063641,7141025917,56299522,128110593,214,0,0,0,1
8.351821441,91.24148908,12980735626,59890030,197117939,212,0,0,0,1
7.220313664,89.09411652,5112213675,41049285,105507343,221,0,0,0,1
7.395511637,90.52047181,22653272536,43458318,201091023,222,0,0,0,1
6.845336566,89.36126529,37654410614,51662128,292803481,222,0,0,0,1
6.379632315,87.9446576,4455711004,56585873,176841342,219,0,0,0,1
6.485993636,94.48453307,7518066818,47791330,107799202,213,0,0,0,1
7.517555368,92.63605794,19731364046,41745770,106191158,218,0,0,0,1
7.757123588,86.40113176,37553375648,42378655,177597351,211,0,0,0,1
7.874737131,93.68467976,14697775884,50868544,132004987,228,0,0,0,1
7.868854428,89.87431198,21767687921,30096547,104670419,210,0,0,0,1
5.773618309,93.94552227,4538195784,48587680,251242722,216,0,0,0,1
6.983260914,92.99855256,8488698435,40664790,191704601,226,0,0,0,1
5.67267628,89.25213504,39505314549,53825919,157848954,212,0,0,0,1
7.148586647,85.22469308,38709391768,32789719,280016636,229,0,0,0,1
6.824591504,87.68677359,3182779294,47646068,123227792,229,0,0,0,1
8.163112548,90.41634215,38217036060,44429186,291183765,212,0,0,0,1
6.552745038,91.3347822,26647437699,49269765,162793343,212,0,0,0,1
5.851201049,87.57887685,35112976897,31945607,277680734,226,0,0,0,1
5.928975046,86.39356074,19825374658,47399513,220588575,216,0,0,0,1
7.784531895,93.34930237,22077053057,46844537,265341471,223,0,0,0,1
7.35465419,94.84402181,21087323469,46819802,296802632,226,0,0,0,1
5.803368028,90.25690182,27673977529,48104629,157681087,227,0,0,0,1
5.752320418,86.71679286,8167096425,50294038,292227097,222,0,0,0,1
7.602907394,87.72307327,4109022825,54149669,177896378,229,0,0,0,1
5.718289019,85.18390677,14393407838,38094621,177102380,229,0,0,0,1
7.965580178,94.14298807,29073188221,54751482,168077420,227,0,0,0,1
7.618726681,86.17751083,10468577728,44947670,208281521,213,0,0,0,1
5.744046342,90.76516476,27917000033,32311748,130829008,210,0,0,0,1
5.754513142,87.74055221,38886745705,31756527,210742297,227,0,0,0,1
8.459918736,90.54178003,6474326484,40027149,208340962,210,0,0,0,1
6.622812387,91.51420388,27886278374,53546909,252380362,222,0,0,0,1
6.611926441,93.29741804,19418758114,51230428,266729992,229,0,0,0,1
7.938398702,87.06421272,35121263411,53658448,188088270,229,0,0,0,1
8.341745732,85.10995829,9554542209,45518071,160466649,219,0,0,0,1
8.458003191,86.3688563,28627160232,43205969,151866979,220,0,0,0,1
7.760134556,94.00018642,34010265716,34423575,138924767,218,0,0,0,1
6.628778757,93.73890078,37950726120,39845782,111529516,218,0,0,0,1
5.75050215,90.97413102,28280177046,43020580,168489595,214,0,0,0,1
7.831440748,91.0051686,21395466268,32658012,154049538,210,0,0,0,1
7.175212749,91.65036675,25860347887,36618358,293283477,226,0,0,0,1
6.772666028,86.75371279,35149484425,47946758,211541765,211,0,0,0,1
8.219063155,94.14411946,24112560625,52069893,169455407,222,0,0,0,1
5.833592447,89.18770525,4124321208,59950425,216093520,218,0,0,0,1
6.977875313,88.83138528,37445101733,57993399,127839340,213,0,0,0,1
5.534060934,90.18917705,28512489788,49276955,188808749,214,0,0,0,1
6.905981926,85.46965967,28030995273,42637441,225246864,220,0,0,0,1
5.668909827,86.66283369,10979980638,49085320,197779566,228,0,0,0,1
5.856453749,92.38033616,27378762398,53569548,180355760,212,0,0,0,1
5.85257874,85.82798668,17572983009,33550085,298769677,221,0,0,0,1
7.447630906,91.03152109,27095620150,42297146,276062952,228,0,0,0,1
7.738134638,87.4534911,6943942121,55194068,224681191,228,0,0,0,1
7.250106295,88.89295614,27340276270,41514988,213875472,222,0,0,0,1
8.386517645,87.88693737,39978307853,47156168,224132095,216,0,0,0,1
6.624611739,88.55672716,4783845437,47633080,140262421,224,0,0,0,1
6.357136259,92.19045905,39155444816,35534287,179027548,216,0,0,0,1
8.105797385,87.97121716,18055594546,40867063,107891906,217,0,0,0,1
6.170787516,90.6640464,35217877662,40035338,195109207,214,0,0,0,1
8.389667618,89.76050402,31948262910,30785901,208604916,223,0,0,0,1
5.536463424,91.63671165,23979601656,30725752,145549947,213,0,0,0,1
8.40963648,94.36829739,30322620742,54950911,292805769,219,0,0,0,1
5.629479736,92.32572097,35505075768,38192124,281890922,229,0,0,0,1
8.173429341,87.14940379,17953191901,45542362,244428647,224,0,0,0,1
7.083103327,85.31183135,15100226977,38961767,206677325,227,0,0,0,1
8.478894388,87.62264044,27700955265,58220377,273993831,229,0,0,0,1
5.721389694,90.95077931,32890299851,37778902,126130468,222,0,0,0,1
7.161562853,85.51425813,31204549986,42889704,258101958,217,0,0,0,1
8.407907607,89.96366247,32519105007,56181907,124964162,218,0,0,0,1
7.069293533,90.96842849,19116582648,55258007,258842132,225,0,0,0,1
7.388195914,88.34243891,33259865998,35583042,155153513,228,0,0,0,1
7.587246067,92.70912204,7447735048,54079299,275418116,225,0,0,0,1
6.863623194,86.06598253,23146096624,43745606,288808418,216,0,0,0,1
7.38267424,85.75137782,3213070438,44489066,129759193,223,0,0,0,1
7.252942936,92.28188756,15009675706,34004399,192535121,223,0,0,0,1
8.203474031,89.95491316,16559076790,32418045,296197475,213,0,0,0,1
5.636339141,91.88402396,17658389589,51838179,196681487,224,0,0,0,1
6.342889569,89.34827339,28732286647,44893834,272709504,212,0,0,0,1
8.351234452,87.46402033,17376649747,43105521,217746304,214,0,0,0,1
8.170791352,93.19102318,19601664037,51885246,175065981,210,0,0,0,1
6.866970258,92.99415879,11789132842,52965386,157156711,212,0,0,0,1
7.360397793,91.94696471,16810316290,34767245,140644618,224,0,0,0,1
6.332143549,87.72145137,11408976208,48306754,252359638,217,0,0,0,1
6.064363479,90.90230667,5708249179,34060622,177308101,213,0,0,0,1
6.891095215,88.60973897,25327597955,52541252,202255092,211,0,0,0,1
6.560056684,85.91582073,27723873546,49708654,198465096,219,0,0,0,1
7.250968336,94.17313575,25921142802,58698438,215455805,213,0,0,0,1
5.733203911,86.36818631,20149279620,32068740,273115429,212,0,0,0,1
8.423184423,94.50237354,17052073866,31711641,296147868,211,0,0,0,1
8.458632233,89.46005773,34943345034,38465612,181516841,226,0,0,0,1
